Name,Designation,Company Name,Address,Phone/Mobile no,Email,Website,Fax
Here is the corrected text:,,TATA," Parag Khare Manager Enterprises - SME Regional Sales TATA TELESERVICES (MAHARASHTRA) LIMITED D-26, TIC Industrial Area, MIDC, Sanpada PO Turbhe, Navi Mumbai - 400 706 Phone: 9917387032006",991738703200,parag.khare@tata.com,,
Parag Khare,Manager Enterprises - SME Regional Sales,TATA TELESERVICES (MAHARASHTRA) LIMITED,"D-26, TIC Industrial Area, MIDC, Sanpada PO Turbhe, Navi Mumbai - 400 706",7387032006,parag.khare@tata.com,,
Here's the corrected text:,TATA,Parag Khare,"Manager Enterprises - SME Regional Sales TATA TELESERVICES (MAHARASHTRA) LIMITED D-26, TIC Industrial Area, MIDC, Sanpada PO Turbhe, Navi Mumbai - 400 706 Phone: 9917387032006",,parag.khare@tata.com,,
TATA,Parag Khare,Manager Enterprises - SME Regional Sales,"TATA TELESERVICES (MAHARASHTRA) LIMITED D-26, TIC Industrial Area, MIDC Sanpada PO Turbhe, Navi Mumbai - 400 703 Phone: 99173 87032",,parag.khare@tata.com,,
Business,Pravin Patole,Assistant Manager,"Bharti Airtel Ltd 7th Floor, Interface Building 7, New Link Road, Malad (West), Mumbai, Maharashtra 400064",9311360972,pravin.patole@airtel.com,www.airtel.in,
,,,,,,,
test_image1.jpeg," 

 
","There is no OCR-extracted text provided to correct. Please provide the text that needs correction, and I'll be happy to assist you with fixing the address, grammar, and structure."
